"Path","Bytes","SHA256"
"C:\Users\lauri\Desktop\Cerneala\artifacts\ci\scene-village\screenshots\native-20260924-173644031\animated-10000.png","90764","905BA7D484DBB9B4DA5555A958B6E07F378E1408FE9B94A39DF546D1948727A5"
"C:\Users\lauri\Desktop\Cerneala\artifacts\ci\scene-village\screenshots\native-20260924-173644031\cleared-0.png","30270","69A479DC28B7ECBF344E5DB39E4DEAEB62E923FF58B40688DB5BF2907E44C48C"
"C:\Users\lauri\Desktop\Cerneala\artifacts\ci\scene-village\screenshots\native-20260924-173644031\collision-10000.png","91496","A40E4C62408F1E01957F1FE8D3D819F64F901C667693D6545292E97D47FC9038"
"C:\Users\lauri\Desktop\Cerneala\artifacts\ci\scene-village\screenshots\native-20260924-173644031\player-down-after-left.png","89003","874D51BC6C1FE5B9A76AECCD53A183452147280F95A8DF02EA67625DD1F81583"
"C:\Users\lauri\Desktop\Cerneala\artifacts\ci\scene-village\screenshots\native-20260924-173644031\player-down.png","96745","5130BF7F438B566A5CF31A3FE04040E1812486AC3186571C46994BAD26B032F2"
"C:\Users\lauri\Desktop\Cerneala\artifacts\ci\scene-village\screenshots\native-20260924-173644031\player-left.png","88048","0B8FF900ADA597B4C2F0B805C92078E4DCB7A5EB268A3CF8408A46DBA1539B0B"
"C:\Users\lauri\Desktop\Cerneala\artifacts\ci\scene-village\screenshots\native-20260924-173644031\player-right-after-left.png","88169","83BEF63A95B8A0736AFF8A7831DB915E999AAECFC836816FAAE169BA98DDF71F"
"C:\Users\lauri\Desktop\Cerneala\artifacts\ci\scene-village\screenshots\native-20260924-173644031\player-right.png","94167","899E96ED6A2F13EAFF9F9BC698FB9EA5DCE8E8EAE2E6B488E824966CE4F5FD71"
"C:\Users\lauri\Desktop\Cerneala\artifacts\ci\scene-village\screenshots\native-20260924-173644031\player-up.png","95594","995EC504FBE6728D4FC3608707094B58D9C27C84902B2D0E40680C8895C82330"
"C:\Users\lauri\Desktop\Cerneala\artifacts\ci\scene-village\screenshots\native-20260924-173644031\static-10000.png","91043","5BFC44D458AFA66BAB7E80F25453E6E26FCE71BAA51AB2F3AC44D6D5494D1346"
"C:\Users\lauri\Desktop\Cerneala\artifacts\ci\scene-village\screenshots\native-20260924-173644031\village.png","88429","6C30BA0D8BC9ED94D242093EC6E40CB23ECB16E3605111299DFC24E492130C19"
