"Test","Outcome","Classification","Message","GuardStack"
"Cerneala.Tests.Controls.Collider2DSimulationInterestContractTests.IsSimulatedDefaultsFalseAndMarksOnlyTheChosenCollider","Failed","missing Collider2D.IsSimulated contract","Assert.NotNull() Failure: Value is null","   at Cerneala.Tests.Controls.Collider2DSimulationInterestContractTests.GetMarkerProperty() in C:\Users\lauri\Desktop\Cerneala\tests\Cerneala.Tests\Controls\Collider2DSimulationInterestContractTests.cs:line 151"
"Cerneala.Tests.Controls.Collider2DSimulationInterestContractTests.MarkedActorRetainsNearbyTerrainOnlyWhileItsOwnGeometryIsNear","Failed","missing Collider2D.IsSimulated contract","Assert.NotNull() Failure: Value is null","   at Cerneala.Tests.Controls.Collider2DSimulationInterestContractTests.GetMarkerProperty() in C:\Users\lauri\Desktop\Cerneala\tests\Cerneala.Tests\Controls\Collider2DSimulationInterestContractTests.cs:line 151"
"Cerneala.Tests.Controls.Collider2DSimulationInterestContractTests.MarkedColliderContributesOnlyItsOwnActiveGeometryNotUiEnabledState","Failed","missing Collider2D.IsSimulated contract","Assert.NotNull() Failure: Value is null","   at Cerneala.Tests.Controls.Collider2DSimulationInterestContractTests.GetMarkerProperty() in C:\Users\lauri\Desktop\Cerneala\tests\Cerneala.Tests\Controls\Collider2DSimulationInterestContractTests.cs:line 151"
"Cerneala.Tests.Controls.Collider2DSimulationInterestContractTests.MarkerAndGeometryMutationsInvalidateExistingCollisionRevisionButIdleUpdatesDoNot","Failed","missing Collider2D.IsSimulated contract","Assert.NotNull() Failure: Value is null","   at Cerneala.Tests.Controls.Collider2DSimulationInterestContractTests.GetMarkerProperty() in C:\Users\lauri\Desktop\Cerneala\tests\Cerneala.Tests\Controls\Collider2DSimulationInterestContractTests.cs:line 151"
"Cerneala.Tests.Controls.SceneItems2DSimpleCollectionContractTests.AttachedSourceMutationAssignmentAndRefreshRejectOffOwnerCalls","Failed","missing IEnumerable ItemsSource contract","Assert.Equal() Failure: Values differ | Expected: typeof(System.Collections.IEnumerable) | Actual:   typeof(Cerneala.UI.Controls.ISceneSpatialSource2D<object>)","   at Cerneala.Tests.Controls.SceneItems2DSimpleCollectionContractTests.GetEnumerableItemsSourceProperty() in C:\Users\lauri\Desktop\Cerneala\tests\Cerneala.Tests\Controls\SceneItems2DSimpleCollectionContractTests.cs:line 616"
"Cerneala.Tests.Controls.SceneItems2DSimpleCollectionContractTests.EnumerationFailurePreservesCommittedTreeAndRefreshCanRetry","Failed","missing IEnumerable ItemsSource contract","Assert.Equal() Failure: Values differ | Expected: typeof(System.Collections.IEnumerable) | Actual:   typeof(Cerneala.UI.Controls.ISceneSpatialSource2D<object>)","   at Cerneala.Tests.Controls.SceneItems2DSimpleCollectionContractTests.GetEnumerableItemsSourceProperty() in C:\Users\lauri\Desktop\Cerneala\tests\Cerneala.Tests\Controls\SceneItems2DSimpleCollectionContractTests.cs:line 616"
"Cerneala.Tests.Controls.SceneItems2DSimpleCollectionContractTests.FailedPreflightPreservesOldColliderButDoesNotReportRequestedSourceReady","Failed","missing IEnumerable ItemsSource contract","Assert.Equal() Failure: Values differ | Expected: typeof(System.Collections.IEnumerable) | Actual:   typeof(Cerneala.UI.Controls.ISceneSpatialSource2D<object>)","   at Cerneala.Tests.Controls.SceneItems2DSimpleCollectionContractTests.GetEnumerableItemsSourceProperty() in C:\Users\lauri\Desktop\Cerneala\tests\Cerneala.Tests\Controls\SceneItems2DSimpleCollectionContractTests.cs:line 616"
"Cerneala.Tests.Controls.SceneItems2DSimpleCollectionContractTests.ItemsSourceAcceptsPlainAndObservableEnumerables","Failed","missing IEnumerable ItemsSource contract","Assert.Equal() Failure: Values differ | Expected: typeof(System.Collections.IEnumerable) | Actual:   typeof(Cerneala.UI.Controls.ISceneSpatialSource2D<object>)","   at Cerneala.Tests.Controls.SceneItems2DSimpleCollectionContractTests.GetEnumerableItemsSourceProperty() in C:\Users\lauri\Desktop\Cerneala\tests\Cerneala.Tests\Controls\SceneItems2DSimpleCollectionContractTests.cs:line 616"
"Cerneala.Tests.Controls.SceneItems2DSimpleCollectionContractTests.NullIsARealOccurrenceWithItsOwnNullCapableTemplate","Failed","missing IEnumerable ItemsSource contract","Assert.Equal() Failure: Values differ | Expected: typeof(System.Collections.IEnumerable) | Actual:   typeof(Cerneala.UI.Controls.ISceneSpatialSource2D<object>)","   at Cerneala.Tests.Controls.SceneItems2DSimpleCollectionContractTests.GetEnumerableItemsSourceProperty() in C:\Users\lauri\Desktop\Cerneala\tests\Cerneala.Tests\Controls\SceneItems2DSimpleCollectionContractTests.cs:line 616"
"Cerneala.Tests.Controls.SceneItems2DSimpleCollectionContractTests.NullWithoutNullCapableTemplateFailsWithoutNullDereference","Failed","missing IEnumerable ItemsSource contract","Assert.Equal() Failure: Values differ | Expected: typeof(System.Collections.IEnumerable) | Actual:   typeof(Cerneala.UI.Controls.ISceneSpatialSource2D<object>)","   at Cerneala.Tests.Controls.SceneItems2DSimpleCollectionContractTests.GetEnumerableItemsSourceProperty() in C:\Users\lauri\Desktop\Cerneala\tests\Cerneala.Tests\Controls\SceneItems2DSimpleCollectionContractTests.cs:line 616"
"Cerneala.Tests.Controls.SceneItems2DSimpleCollectionContractTests.ObservableDeltasKeepUnaffectedOccurrenceNodesEvenForDuplicateReferences","Failed","missing IEnumerable ItemsSource contract","Assert.Equal() Failure: Values differ | Expected: typeof(System.Collections.IEnumerable) | Actual:   typeof(Cerneala.UI.Controls.ISceneSpatialSource2D<object>)","   at Cerneala.Tests.Controls.SceneItems2DSimpleCollectionContractTests.GetEnumerableItemsSourceProperty() in C:\Users\lauri\Desktop\Cerneala\tests\Cerneala.Tests\Controls\SceneItems2DSimpleCollectionContractTests.cs:line 616"
"Cerneala.Tests.Controls.SceneItems2DSimpleCollectionContractTests.ObservableNotificationsEnumeratePostEventStateOnceAndInvalidIndicesReset","Failed","missing IEnumerable ItemsSource contract","Assert.Equal() Failure: Values differ | Expected: typeof(System.Collections.IEnumerable) | Actual:   typeof(Cerneala.UI.Controls.ISceneSpatialSource2D<object>)","   at Cerneala.Tests.Controls.SceneItems2DSimpleCollectionContractTests.GetEnumerableItemsSourceProperty() in C:\Users\lauri\Desktop\Cerneala\tests\Cerneala.Tests\Controls\SceneItems2DSimpleCollectionContractTests.cs:line 616"
"Cerneala.Tests.Controls.SceneItems2DSimpleCollectionContractTests.ObservableSourceResnapshotsOnReattachAndOwnerRelayCanApplyDetachedChanges","Failed","missing IEnumerable ItemsSource contract","Assert.Equal() Failure: Values differ | Expected: typeof(System.Collections.IEnumerable) | Actual:   typeof(Cerneala.UI.Controls.ISceneSpatialSource2D<object>)","   at Cerneala.Tests.Controls.SceneItems2DSimpleCollectionContractTests.GetEnumerableItemsSourceProperty() in C:\Users\lauri\Desktop\Cerneala\tests\Cerneala.Tests\Controls\SceneItems2DSimpleCollectionContractTests.cs:line 616"
"Cerneala.Tests.Controls.SceneItems2DSimpleCollectionContractTests.OccurrenceDataContextAndTemplateIndexStayBoundToValueNotPosition","Failed","missing IEnumerable ItemsSource contract","Assert.Equal() Failure: Values differ | Expected: typeof(System.Collections.IEnumerable) | Actual:   typeof(Cerneala.UI.Controls.ISceneSpatialSource2D<object>)","   at Cerneala.Tests.Controls.SceneItems2DSimpleCollectionContractTests.GetEnumerableItemsSourceProperty() in C:\Users\lauri\Desktop\Cerneala\tests\Cerneala.Tests\Controls\SceneItems2DSimpleCollectionContractTests.cs:line 616"
"Cerneala.Tests.Controls.SceneItems2DSimpleCollectionContractTests.OneSceneNodeCannotRepresentTwoOccurrences","Failed","missing IEnumerable ItemsSource contract","Assert.Equal() Failure: Values differ | Expected: typeof(System.Collections.IEnumerable) | Actual:   typeof(Cerneala.UI.Controls.ISceneSpatialSource2D<object>)","   at Cerneala.Tests.Controls.SceneItems2DSimpleCollectionContractTests.GetEnumerableItemsSourceProperty() in C:\Users\lauri\Desktop\Cerneala\tests\Cerneala.Tests\Controls\SceneItems2DSimpleCollectionContractTests.cs:line 616"
"Cerneala.Tests.Controls.SceneItems2DSimpleCollectionContractTests.OneShotPlainSourceIsNotConsumedAgainByAttachOrReattach","Failed","missing IEnumerable ItemsSource contract","Assert.Equal() Failure: Values differ | Expected: typeof(System.Collections.IEnumerable) | Actual:   typeof(Cerneala.UI.Controls.ISceneSpatialSource2D<object>)","   at Cerneala.Tests.Controls.SceneItems2DSimpleCollectionContractTests.GetEnumerableItemsSourceProperty() in C:\Users\lauri\Desktop\Cerneala\tests\Cerneala.Tests\Controls\SceneItems2DSimpleCollectionContractTests.cs:line 616"
"Cerneala.Tests.Controls.SceneItems2DSimpleCollectionContractTests.PlainSourceIsSnapshottedOnceAndRefreshIsTheExplicitResetBoundary","Failed","missing IEnumerable ItemsSource contract","Assert.Equal() Failure: Values differ | Expected: typeof(System.Collections.IEnumerable) | Actual:   typeof(Cerneala.UI.Controls.ISceneSpatialSource2D<object>)","   at Cerneala.Tests.Controls.SceneItems2DSimpleCollectionContractTests.GetEnumerableItemsSourceProperty() in C:\Users\lauri\Desktop\Cerneala\tests\Cerneala.Tests\Controls\SceneItems2DSimpleCollectionContractTests.cs:line 616"
"Cerneala.Tests.Controls.SceneItems2DSimpleCollectionContractTests.ReentrantFactorySourceChangeCannotPublishItsStaleCandidate","Failed","missing IEnumerable ItemsSource contract","Assert.Equal() Failure: Values differ | Expected: typeof(System.Collections.IEnumerable) | Actual:   typeof(Cerneala.UI.Controls.ISceneSpatialSource2D<object>)","   at Cerneala.Tests.Controls.SceneItems2DSimpleCollectionContractTests.GetEnumerableItemsSourceProperty() in C:\Users\lauri\Desktop\Cerneala\tests\Cerneala.Tests\Controls\SceneItems2DSimpleCollectionContractTests.cs:line 616"
"Cerneala.Tests.Controls.SceneItems2DSimpleCollectionContractTests.ReentrantSourceChangeDuringStructuralCallbackCannotPublishLateGenerationAfterFault","Failed","missing IEnumerable ItemsSource contract","Assert.Equal() Failure: Values differ | Expected: typeof(System.Collections.IEnumerable) | Actual:   typeof(Cerneala.UI.Controls.ISceneSpatialSource2D<object>)","   at Cerneala.Tests.Controls.SceneItems2DSimpleCollectionContractTests.GetEnumerableItemsSourceProperty() in C:\Users\lauri\Desktop\Cerneala\tests\Cerneala.Tests\Controls\SceneItems2DSimpleCollectionContractTests.cs:line 616"
"Cerneala.Tests.Controls.SceneItems2DSimpleCollectionContractTests.ResetSourceReplacementAndTemplateReplacementRecreateOccurrences","Failed","missing IEnumerable ItemsSource contract","Assert.Equal() Failure: Values differ | Expected: typeof(System.Collections.IEnumerable) | Actual:   typeof(Cerneala.UI.Controls.ISceneSpatialSource2D<object>)","   at Cerneala.Tests.Controls.SceneItems2DSimpleCollectionContractTests.GetEnumerableItemsSourceProperty() in C:\Users\lauri\Desktop\Cerneala\tests\Cerneala.Tests\Controls\SceneItems2DSimpleCollectionContractTests.cs:line 616"
"Cerneala.Tests.Controls.SceneItems2DSimpleCollectionContractTests.StructuralCallbackFaultIsTerminalAndCountMatchesActualMembership(fault: Attach)","Failed","missing IEnumerable ItemsSource contract","Assert.Equal() Failure: Values differ | Expected: typeof(System.Collections.IEnumerable) | Actual:   typeof(Cerneala.UI.Controls.ISceneSpatialSource2D<object>)","   at Cerneala.Tests.Controls.SceneItems2DSimpleCollectionContractTests.GetEnumerableItemsSourceProperty() in C:\Users\lauri\Desktop\Cerneala\tests\Cerneala.Tests\Controls\SceneItems2DSimpleCollectionContractTests.cs:line 616"
"Cerneala.Tests.Controls.SceneItems2DSimpleCollectionContractTests.StructuralCallbackFaultIsTerminalAndCountMatchesActualMembership(fault: Changed)","Failed","missing IEnumerable ItemsSource contract","Assert.Equal() Failure: Values differ | Expected: typeof(System.Collections.IEnumerable) | Actual:   typeof(Cerneala.UI.Controls.ISceneSpatialSource2D<object>)","   at Cerneala.Tests.Controls.SceneItems2DSimpleCollectionContractTests.GetEnumerableItemsSourceProperty() in C:\Users\lauri\Desktop\Cerneala\tests\Cerneala.Tests\Controls\SceneItems2DSimpleCollectionContractTests.cs:line 616"
"Cerneala.Tests.Controls.SceneItems2DSimpleCollectionContractTests.StructuralCallbackFaultIsTerminalAndCountMatchesActualMembership(fault: Detach)","Failed","missing IEnumerable ItemsSource contract","Assert.Equal() Failure: Values differ | Expected: typeof(System.Collections.IEnumerable) | Actual:   typeof(Cerneala.UI.Controls.ISceneSpatialSource2D<object>)","   at Cerneala.Tests.Controls.SceneItems2DSimpleCollectionContractTests.GetEnumerableItemsSourceProperty() in C:\Users\lauri\Desktop\Cerneala\tests\Cerneala.Tests\Controls\SceneItems2DSimpleCollectionContractTests.cs:line 616"
"Cerneala.Tests.Controls.SceneItems2DSimpleCollectionContractTests.StructuralFaultCannotPublishReadyCollisionPreparation","Failed","missing IEnumerable ItemsSource contract","Assert.Equal() Failure: Values differ | Expected: typeof(System.Collections.IEnumerable) | Actual:   typeof(Cerneala.UI.Controls.ISceneSpatialSource2D<object>)","   at Cerneala.Tests.Controls.SceneItems2DSimpleCollectionContractTests.GetEnumerableItemsSourceProperty() in C:\Users\lauri\Desktop\Cerneala\tests\Cerneala.Tests\Controls\SceneItems2DSimpleCollectionContractTests.cs:line 616"
"Cerneala.Tests.Controls.SceneItems2DSimpleCollectionContractTests.TemplatePreflightFailureKeepsCommittedTreeAndNewSourceCanNotifyRetry","Failed","missing IEnumerable ItemsSource contract","Assert.Equal() Failure: Values differ | Expected: typeof(System.Collections.IEnumerable) | Actual:   typeof(Cerneala.UI.Controls.ISceneSpatialSource2D<object>)","   at Cerneala.Tests.Controls.SceneItems2DSimpleCollectionContractTests.GetEnumerableItemsSourceProperty() in C:\Users\lauri\Desktop\Cerneala\tests\Cerneala.Tests\Controls\SceneItems2DSimpleCollectionContractTests.cs:line 616"
"Cerneala.Tests.Controls.SceneItems2DSimpleCollectionContractTests.TemplateProducedSceneNodeReceivesRealClickAndKeyInput","Failed","missing IEnumerable ItemsSource contract","Assert.Equal() Failure: Values differ | Expected: typeof(System.Collections.IEnumerable) | Actual:   typeof(Cerneala.UI.Controls.ISceneSpatialSource2D<object>)","   at Cerneala.Tests.Controls.SceneItems2DSimpleCollectionContractTests.GetEnumerableItemsSourceProperty() in C:\Users\lauri\Desktop\Cerneala\tests\Cerneala.Tests\Controls\SceneItems2DSimpleCollectionContractTests.cs:line 616"
"Cerneala.Tests.Controls.TileMap2DDrainContractTests.AttachedDisposeIsRejectedWithoutConsumingTerminalMapDisposal","Failed","missing TileMap2D IAsyncDisposable contract","Assert.IsAssignableFrom() Failure: Value is an incompatible type | Expected: typeof(System.IAsyncDisposable) | Actual:   typeof(Cerneala.UI.Controls.TileMap2D)","   at Cerneala.Tests.Controls.TileMap2DDrainContractTests.AttachedDisposeIsRejectedWithoutConsumingTerminalMapDisposal() in C:\Users\lauri\Desktop\Cerneala\tests\Cerneala.Tests\Controls\TileMap2DDrainContractTests.cs:line 16"
"Cerneala.Tests.Controls.TileMap2DDrainContractTests.DisposeDrainsLateAndResidentReleaseFaultsAcrossRetiredGenerations","Failed","missing TileMap2D IAsyncDisposable contract","Assert.IsAssignableFrom() Failure: Value is an incompatible type | Expected: typeof(System.IAsyncDisposable) | Actual:   typeof(Cerneala.UI.Controls.TileMap2D)","   at Cerneala.Tests.Controls.TileMap2DDrainContractTests.DisposeDrainsLateAndResidentReleaseFaultsAcrossRetiredGenerations() in C:\Users\lauri\Desktop\Cerneala\tests\Cerneala.Tests\Controls\TileMap2DDrainContractTests.cs:line 55"
